{
  "company": "AMAZON COM INC",
  "ticker": "AMZN",
  "valuation_date": "Feb 2026",
  "stock_price": 205.27,
  "equity_market_value": 2261381,
  "debt_market_value": 154986,
  "risk_free_rate": 0.0408,
  "erp": 0.047,
  "credit_spread": 0.004,
  "tax_rate": 0.2,
  "sector_betas": [
    [
      "Retail (Online)",
      1.1,
      1.0
    ]
  ],
  "debt_breakdown": [
    [
      "Long-Term Debt",
      65648.0
    ],
    [
      "Finance Leases",
      12286.0
    ],
    [
      "Operating Leases",
      76597.0
    ],
    [
      "Short-Term Debt",
      455.0
    ]
  ],
  "base_year": 2025,
  "base_revenue": 716924.0,
  "base_oi": 79975.0,
  "base_op_margin": 0.112,
  "revenue_growth": [
    0.137,
    0.122,
    0.09300000000000001,
    0.078,
    0.066,
    0.057,
    0.05,
    0.044,
    0.04,
    0.037
  ],
  "op_margins": [
    0.125,
    0.139,
    0.152,
    0.152,
    0.14,
    0.129,
    0.117,
    0.105,
    0.094,
    0.08200000000000002
  ],
  "terminal_growth": 0.025,
  "terminal_margin": 0.08200000000000002,
  "sales_to_capital": 5.0,
  "sbc_pct": 0.0345,
  "shares_outstanding": 10827,
  "buyback_rate": 0.004,
  "margin_of_safety": 0.2,
  "cash_bridge": 86810,
  "securities": 36219,
  "ic_years": [
    2020,
    2021,
    2022,
    2023,
    2024,
    2025
  ],
  "current_assets": [
    132733.0,
    161580.0,
    146791.0,
    172351.0,
    190867.0,
    229083.0
  ],
  "cash": [
    42122.0,
    36220.0,
    53888.0,
    73387.0,
    78779.0,
    86810.0
  ],
  "st_investments": [
    42274.0,
    59829.0,
    16138.0,
    13393.0,
    22423.0,
    36219.0
  ],
  "operating_cash": [
    0,
    0,
    0,
    0,
    0,
    0
  ],
  "current_liabilities": [
    126385.0,
    142266.0,
    155393.0,
    164917.0,
    179431.0,
    218005.0
  ],
  "st_debt": [
    0.0,
    0.0,
    0.0,
    147.0,
    151.0,
    455.0
  ],
  "st_leases": [
    4586.0,
    6349.0,
    7458.0,
    8419.0,
    10546.0,
    12655.0
  ],
  "net_ppe": [
    0.0,
    0.0,
    0.0,
    0.0,
    252665.0,
    357025.0
  ],
  "goodwill_intang": [
    19998.0,
    20478.0,
    26385.0,
    30476.0,
    31676.0,
    32470.0
  ],
  "hist_revenue": [
    386064.0,
    469822.0,
    513983.0,
    574785.0,
    637959.0,
    716924.0
  ],
  "hist_operating_income": [
    22899.0,
    24879.0,
    12248.0,
    36852.0,
    68593.0,
    79975.0
  ],
  "hist_net_income": [
    21331.0,
    33364.0,
    -2722.0,
    30425.0,
    59248.0,
    77670.0
  ],
  "hist_cost_of_revenue": [
    233307.0,
    272344.0,
    288831.0,
    304739.0,
    326288.0,
    356414.0
  ],
  "hist_sbc_values": [
    9208.0,
    12757.0,
    19621.0,
    24023.0,
    22011.0,
    19467.0
  ],
  "hist_shares": [
    510.0,
    515.0,
    10189.0,
    10492.0,
    10721.0,
    10827.0
  ],
  "bull_growth_adj": 0.02,
  "bull_margin_adj": 0.02,
  "bear_growth_adj": -0.04,
  "bear_margin_adj": -0.02,
  "peers": [
    {
      "ticker": "MSFT",
      "name": "MICROSOFT CORP",
      "ev_revenue": 10.2,
      "ev_ebitda": 17.2,
      "pe": 28.2,
      "op_margin": 0.456,
      "rev_growth": 0.149,
      "roic": 0.27
    },
    {
      "ticker": "GOOGL",
      "name": "Alphabet",
      "ev_revenue": 9.5,
      "ev_ebitda": 22.8,
      "pe": 28.8,
      "op_margin": 0.32,
      "rev_growth": 0.151,
      "roic": 0.94
    }
  ],
  "wacc_per_year": [
    0.09151865660307396,
    0.09151865660307396,
    0.09151865660307396,
    0.09151865660307396,
    0.09151865660307396,
    0.09151865660307396,
    0.09151865660307396,
    0.09151865660307396,
    0.09151865660307396,
    0.09151865660307396
  ],
  "tax_per_year": [
    0.2,
    0.2,
    0.2,
    0.2,
    0.2,
    0.2,
    0.2,
    0.2,
    0.2,
    0.2
  ],
  "stc_per_year": [
    5.0,
    5.0,
    5.0,
    5.0,
    5.0,
    5.0,
    5.0,
    5.0,
    5.0,
    5.0
  ],
  "sbc_per_year": [
    0.0345,
    0.0345,
    0.0345,
    0.0345,
    0.0345,
    0.0345,
    0.0345,
    0.0345,
    0.0345,
    0.0345
  ],
  "terminal_tax": 0.2,
  "terminal_stc": 5.0,
  "terminal_wacc": 0.09151865660307396,
  "terminal_sbc": 0.0345
}